,Word,Word_Frequency,Lemma,Lemma_Frequency,Noun_Chunk,Noun_Chunk_Frequency,Location,GEO_Frequency
0,Obama,12.0,Obama,12.0,President Obama,2.0,Illinois,3.0
1,president,6.0,president,6.0,United States,2.0,Chicago,2.0
2,term,3.0,win,4.0,George W. Bush,1.0,Iraq,2.0
3,Republicans,3.0,term,4.0,African American,1.0,US,2.0
4,Illinois,3.0,Illinois,3.0,gun control,1.0,Washington,1.0
5,foreign,2.0,control,3.0,climate change,1.0,Arizona,1.0
6,elected,2.0,legislation,2.0,Barack Obama,1.0,Afghanistan,1.0
7,won,2.0,economy,2.0,Illinois state senate,1.0,,
8,years,2.0,serve,2.0,immigration reform,1.0,,
9,state,2.0,leave,2.0,community organizer,1.0,,
10,American,2.0,announce,2.0,Malia Ann,1.0,,
11,Iraq,2.0,January,2.0,New York Senator,1.0,,
12,January,2.0,office,2.0,care reform legislation,1.0,,
13,second,2.0,affair,2.0,Columbia University,1.0,,
14,able,2.0,second,2.0,Middle East,1.0,,
15,economy,2.0,Republicans,2.0,First Lady Hillary Rodham Clinton,1.0,,
16,Democratic,2.0,year,2.0,US troops,1.0,,
17,significant,2.0,reform,2.0,US Senate,1.0,,
18,announced,2.0,President,2.0,Harvard Law School,1.0,,
19,Chicago,2.0,Iraq,2.0,Obama Presidential Center,1.0,,
20,office,2.0,,,Michelle LaVaughn Robinson,1.0,,
21,troops,2.0,Senator,2.0,Senator John McCain,1.0,,
22,States,2.0,work,2.0,,,,
23,Senator,2.0,state,2.0,,,,
24,reform,2.0,daughter,2.0,,,,
25,affairs,2.0,States,2.0,,,,
26,control,2.0,elect,2.0,,,,
27,United,2.0,republican,2.0,,,,
28,Senate,2.0,foreign,2.0,,,,
29,President,2.0,Senate,2.0,,,,
30,winning,2.0,United,2.0,,,,
31,legislation,2.0,troop,2.0,,,,
32,candidacy,1.0,begin,2.0,,,,
33,high,1.0,significant,2.0,,,,
34,East,1.0,Chicago,2.0,,,,
35,Presidential,1.0,able,2.0,,,,
36,actions,1.0,John,1.0,,,,
37,York,1.0,fought,1.0,,,,
38,Ann,1.0,care,1.0,,,,
39,planning,1.0,marry,1.0,,,,
40,record,1.0,defeat,1.0,,,,
41,Congress,1.0,pass,1.0,,,,
42,presidency,1.0,action,1.0,,,,
43,nominee,1.0,election,1.0,,,,
44,Republican,1.0,public,1.0,,,,
45,refocused,1.0,meet,1.0,,,,
46,New,1.0,Washington,1.0,,,,
47,degrees,1.0,Harvard,1.0,,,,
48,devoted,1.0,,,,,,
49,election,1.0,black,1.0,,,,
50,organizer,1.0,,,,,,
51,opening,1.0,,,,,,
52,Malia,1.0,,,,,,
53,health,1.0,Lady,1.0,,,,
54,Michelle,1.0,DC,1.0,,,,
55,age,1.0,reelection,1.0,,,,
56,daughters,1.0,George,1.0,,,,
57,black,1.0,democratic,1.0,,,,
58,Sasha,1.0,college,1.0,,,,
59,serve,1.0,Barack,1.0,,,,
60,DC,1.0,presidency,1.0,,,,
61,constitutionally,1.0,bail,1.0,,,,
62,terms,1.0,negotiate,1.0,,,,
63,Natasha,1.0,devote,1.0,,,,
64,Robinson,1.0,finish,1.0,,,,
65,help,1.0,East,1.0,,,,
66,raising,1.0,attend,1.0,,,,
67,fought,1.0,Hillary,1.0,,,,
68,Washington,1.0,young,1.0,,,,
69,withdraw,1.0,spend,1.0,,,,
70,Harvard,1.0,LaVaughn,1.0,,,,
71,closely,1.0,44th,1.0,,,,
72,try,1.0,Robinson,1.0,,,,
73,George,1.0,Rodham,1.0,,,,
74,gun,1.0,financial,1.0,,,,
75,Columbia,1.0,difficult,1.0,,,,
76,taxes,1.0,improve,1.0,,,,
77,congressional,1.0,concentrate,1.0,,,,
78,invoking,1.0,earn,1.0,,,,
79,Middle,1.0,W.,1.0,,,,
80,deployed,1.0,Afghanistan,1.0,,,,
81,School,1.0,congressional,1.0,,,,
82,Lady,1.0,bear,1.0,,,,
83,respectively,1.0,nomination,1.0,,,,
84,senate,1.0,closely,1.0,,,,
85,effort,1.0,withdraw,1.0,,,,
86,mother,1.0,Law,1.0,,,,
87,served,1.0,School,1.0,,,,
88,work,1.0,respectively,1.0,,,,
89,finished,1.0,Center,1.0,,,,
90,controversial,1.0,play,1.0,,,,
91,restrained,1.0,try,1.0,,,,
92,school,1.0,recession,1.0,,,,
93,Barack,1.0,son,1.0,,,,
94,McCain,1.0,achieve,1.0,,,,
95,immigration,1.0,Columbia,1.0,,,,
96,ended,1.0,white,1.0,,,,
97,contest,1.0,face,1.0,,,,
98,concentrated,1.0,raise,1.0,,,,
99,public,1.0,record,1.0,,,,
100,budgets,1.0,Congress,1.0,,,,
101,money,1.0,House,1.0,,,,
102,worked,1.0,Bush,1.0,,,,
103,college,1.0,political,1.0,,,,
104,February,1.0,change,1.0,,,,
105,role,1.0,contest,1.0,,,,
106,Leaving,1.0,money,1.0,,,,
107,father,1.0,struggle,1.0,,,,
108,challenges,1.0,majority,1.0,,,,
109,achieve,1.0,health,1.0,,,,
110,begun,1.0,Middle,1.0,,,,
111,institutions,1.0,York,1.0,,,,
112,grew,1.0,american,1.0,,,,
113,University,1.0,Arizona,1.0,,,,
114,policy,1.0,focus,1.0,,,,
115,securing,1.0,officially,1.0,,,,
116,attend,1.0,Sasha,1.0,,,,
117,active,1.0,Michelle,1.0,,,,
118,daughter,1.0,unsuccessfully,1.0,,,,
119,LaVaughn,1.0,Malia,1.0,,,,
120,limited,1.0,opening,1.0,,,,
121,unilaterally,1.0,organizer,1.0,,,,
122,left,1.0,Presidential,1.0,,,,
123,administration,1.0,nominee,1.0,,,,
124,Hawaii,1.0,take,1.0,,,,
125,Representatives,1.0,budget,1.0,,,,
126,younger,1.0,challenge,1.0,,,,
127,Center,1.0,climate,1.0,,,,
128,outgoing,1.0,Clinton,1.0,,,,
129,began,1.0,time,1.0,,,,
130,handily,1.0,age,1.0,,,,
131,focused,1.0,help,1.0,,,,
132,met,1.0,institution,1.0,,,,
133,Clinton,1.0,grow,1.0,,,,
134,climate,1.0,inaugurate,1.0,,,,
135,executive,1.0,Hawaii,1.0,,,,
136,Arizona,1.0,immigration,1.0,,,,
137,officially,1.0,community,1.0,,,,
138,package,1.0,American,1.0,,,,
139,energy,1.0,outgoing,1.0,,,,
140,care,1.0,plan,1.0,,,,
141,remain,1.0,deploy,1.0,,,,
142,implement,1.0,planning,1.0,,,,
143,son,1.0,handily,1.0,,,,
144,House,1.0,degree,1.0,,,,
145,married,1.0,kenyan,1.0,,,,
146,took,1.0,candidacy,1.0,,,,
147,John,1.0,package,1.0,,,,
148,financial,1.0,conflict,1.0,,,,
149,difficult,1.0,,,,,,
150,improve,1.0,effort,1.0,,,,
151,Afghanistan,1.0,taxis,1.0,,,,
152,inaugurated,1.0,gun,1.0,,,,
153,nomination,1.0,,,,,,
154,political,1.0,Natasha,1.0,,,,
155,Law,1.0,controversial,1.0,,,,
156,44th,1.0,University,1.0,,,,
157,W.,1.0,policy,1.0,,,,
158,conflicts,1.0,end,1.0,,,,
159,community,1.0,,,,,,
160,struggling,1.0,restrained,1.0,,,,
161,African,1.0,constitutionally,1.0,,,,
162,majority,1.0,implement,1.0,,,,
163,Kenyan,1.0,African,1.0,,,,
164,faced,1.0,unilaterally,1.0,,,,
165,general,1.0,school,1.0,,,,
166,change,1.0,invoke,1.0,,,,
167,Rodham,1.0,authority,1.0,,,,
168,defeated,1.0,McCain,1.0,,,,
169,plans,1.0,active,1.0,,,,
170,negotiating,1.0,general,1.0,,,,
171,earned,1.0,executive,1.0,,,,
172,Hillary,1.0,refocus,1.0,,,,
173,bail,1.0,role,1.0,,,,
174,reelection,1.0,limit,1.0,,,,
175,pass,1.0,,,,,,
176,spent,1.0,,,,,,
177,controlled,1.0,Representatives,1.0,,,,
178,unsuccessfully,1.0,Ann,1.0,,,,
179,deficit,1.0,high,1.0,,,,
180,time,1.0,administration,1.0,,,,
181,recession,1.0,February,1.0,,,,
182,white,1.0,energy,1.0,,,,
183,play,1.0,Democratic,1.0,,,,
184,authority,1.0,senate,1.0,,,,
185,Bush,1.0,remain,1.0,,,,
186,born,1.0,New,1.0,,,,
188,,,father,1.0,,,,
189,,,mother,1.0,,,,
191,,,deficit,1.0,,,,
192,,,secure,1.0,,,,
